postcode,zone,zone_name,color,delivery_days,depot
0010,1,Sone 1,#1D4ED8,,
0015,1,Sone 1,#1D4ED8,,
0026,1,Sone 1,#1D4ED8,,
0037,1,Sone 1,#1D4ED8,,
0050,1,Sone 1,#1D4ED8,,
0139,7,Sone 7,#22C55E,,
0150,1,Sone 1,#1D4ED8,,
0151,1,Sone 1,#1D4ED8,,
0152,1,Sone 1,#1D4ED8,,
0153,1,Sone 1,#1D4ED8,,
0154,1,Sone 1,#1D4ED8,,
0155,1,Sone 1,#1D4ED8,,
0157,1,Sone 1,#1D4ED8,,
0158,1,Sone 1,#1D4ED8,,
0159,1,Sone 1,#1D4ED8,,
0160,1,Sone 1,#1D4ED8,,
0161,1,Sone 1,#1D4ED8,,
0162,1,Sone 1,#1D4ED8,,
0164,1,Sone 1,#1D4ED8,,
0165,1,Sone 1,#1D4ED8,,
0166,1,Sone 1,#1D4ED8,,
0167,1,Sone 1,#1D4ED8,,
0168,1,Sone 1,#1D4ED8,,
0169,1,Sone 1,#1D4ED8,,
0170,1,Sone 1,#1D4ED8,,
0171,1,Sone 1,#1D4ED8,,
0172,1,Sone 1,#1D4ED8,,
0173,1,Sone 1,#1D4ED8,,
0174,1,Sone 1,#1D4ED8,,
0175,1,Sone 1,#1D4ED8,,
0176,1,Sone 1,#1D4ED8,,
0177,1,Sone 1,#1D4ED8,,
0178,1,Sone 1,#1D4ED8,,
0179,1,Sone 1,#1D4ED8,,
0180,1,Sone 1,#1D4ED8,,
0181,1,Sone 1,#1D4ED8,,
0182,1,Sone 1,#1D4ED8,,
0183,1,Sone 1,#1D4ED8,,
0184,1,Sone 1,#1D4ED8,,
0185,1,Sone 1,#1D4ED8,,
0186,1,Sone 1,#1D4ED8,,
0187,1,Sone 1,#1D4ED8,,
0188,1,Sone 1,#1D4ED8,,
0190,1,Sone 1,#1D4ED8,,
0191,1,Sone 1,#1D4ED8,,
0192,1,Sone 1,#1D4ED8,,
0193,7,Sone 7,#22C55E,,
0194,1,Sone 1,#1D4ED8,,
0195,1,Sone 1,#1D4ED8,,
0196,1,Sone 1,#1D4ED8,,
0198,7,Sone 7,#22C55E,,
0250,1,Sone 1,#1D4ED8,,
0251,1,Sone 1,#1D4ED8,,
0252,1,Sone 1,#1D4ED8,,
0253,1,Sone 1,#1D4ED8,,
0254,1,Sone 1,#1D4ED8,,
0255,1,Sone 1,#1D4ED8,,
0256,1,Sone 1,#1D4ED8,,
0257,1,Sone 1,#1D4ED8,,
0258,1,Sone 1,#1D4ED8,,
0259,1,Sone 1,#1D4ED8,,
0260,1,Sone 1,#1D4ED8,,
0262,1,Sone 1,#1D4ED8,,
0263,1,Sone 1,#1D4ED8,,
0264,1,Sone 1,#1D4ED8,,
0265,1,Sone 1,#1D4ED8,,
0266,1,Sone 1,#1D4ED8,,
0267,1,Sone 1,#1D4ED8,,
0268,1,Sone 1,#1D4ED8,,
0270,1,Sone 1,#1D4ED8,,
0271,1,Sone 1,#1D4ED8,,
0272,1,Sone 1,#1D4ED8,,
0273,1,Sone 1,#1D4ED8,,
0274,1,Sone 1,#1D4ED8,,
0275,1,Sone 1,#1D4ED8,,
0276,1,Sone 1,#1D4ED8,,
0277,1,Sone 1,#1D4ED8,,
0278,1,Sone 1,#1D4ED8,,
0279,1,Sone 1,#1D4ED8,,
0280,1,Sone 1,#1D4ED8,,
0281,1,Sone 1,#1D4ED8,,
0282,1,Sone 1,#1D4ED8,,
0283,1,Sone 1,#1D4ED8,,
0284,1,Sone 1,#1D4ED8,,
0286,1,Sone 1,#1D4ED8,,
0287,1,Sone 1,#1D4ED8,,
0340,1,Sone 1,#1D4ED8,,
0349,1,Sone 1,#1D4ED8,,
0350,1,Sone 1,#1D4ED8,,
0351,1,Sone 1,#1D4ED8,,
0352,1,Sone 1,#1D4ED8,,
0353,1,Sone 1,#1D4ED8,,
0354,1,Sone 1,#1D4ED8,,
0355,1,Sone 1,#1D4ED8,,
0356,1,Sone 1,#1D4ED8,,
0357,1,Sone 1,#1D4ED8,,
0358,1,Sone 1,#1D4ED8,,
0359,1,Sone 1,#1D4ED8,,
0360,1,Sone 1,#1D4ED8,,
0361,1,Sone 1,#1D4ED8,,
0362,1,Sone 1,#1D4ED8,,
0363,1,Sone 1,#1D4ED8,,
0364,1,Sone 1,#1D4ED8,,
0365,1,Sone 1,#1D4ED8,,
0366,1,Sone 1,#1D4ED8,,
0367,1,Sone 1,#1D4ED8,,
0368,1,Sone 1,#1D4ED8,,
0369,1,Sone 1,#1D4ED8,,
0370,1,Sone 1,#1D4ED8,,
0371,1,Sone 1,#1D4ED8,,
0372,1,Sone 1,#1D4ED8,,
0373,1,Sone 1,#1D4ED8,,
0374,1,Sone 1,#1D4ED8,,
0375,1,Sone 1,#1D4ED8,,
0376,1,Sone 1,#1D4ED8,,
0377,1,Sone 1,#1D4ED8,,
0378,1,Sone 1,#1D4ED8,,
0379,1,Sone 1,#1D4ED8,,
0380,1,Sone 1,#1D4ED8,,
0381,1,Sone 1,#1D4ED8,,
0382,1,Sone 1,#1D4ED8,,
0383,1,Sone 1,#1D4ED8,,
0445,1,Sone 1,#1D4ED8,,
0450,1,Sone 1,#1D4ED8,,
0451,1,Sone 1,#1D4ED8,,
0452,1,Sone 1,#1D4ED8,,
0454,1,Sone 1,#1D4ED8,,
0455,1,Sone 1,#1D4ED8,,
0456,1,Sone 1,#1D4ED8,,
0457,1,Sone 1,#1D4ED8,,
0458,1,Sone 1,#1D4ED8,,
0459,1,Sone 1,#1D4ED8,,
0460,1,Sone 1,#1D4ED8,,
0461,1,Sone 1,#1D4ED8,,
0462,1,Sone 1,#1D4ED8,,
0463,1,Sone 1,#1D4ED8,,
0464,1,Sone 1,#1D4ED8,,
0465,1,Sone 1,#1D4ED8,,
0467,1,Sone 1,#1D4ED8,,
0468,1,Sone 1,#1D4ED8,,
0469,1,Sone 1,#1D4ED8,,
0470,1,Sone 1,#1D4ED8,,
0472,1,Sone 1,#1D4ED8,,
0473,1,Sone 1,#1D4ED8,,
0474,1,Sone 1,#1D4ED8,,
0475,1,Sone 1,#1D4ED8,,
0476,1,Sone 1,#1D4ED8,,
0477,1,Sone 1,#1D4ED8,,
0478,1,Sone 1,#1D4ED8,,
0479,1,Sone 1,#1D4ED8,,
0480,1,Sone 1,#1D4ED8,,
0481,1,Sone 1,#1D4ED8,,
0482,1,Sone 1,#1D4ED8,,
0483,1,Sone 1,#1D4ED8,,
0484,1,Sone 1,#1D4ED8,,
0485,1,Sone 1,#1D4ED8,,
0486,1,Sone 1,#1D4ED8,,
0487,1,Sone 1,#1D4ED8,,
0488,1,Sone 1,#1D4ED8,,
0489,1,Sone 1,#1D4ED8,,
0490,1,Sone 1,#1D4ED8,,
0491,1,Sone 1,#1D4ED8,,
0492,1,Sone 1,#1D4ED8,,
0493,1,Sone 1,#1D4ED8,,
0494,1,Sone 1,#1D4ED8,,
0495,1,Sone 1,#1D4ED8,,
0496,1,Sone 1,#1D4ED8,,
0550,1,Sone 1,#1D4ED8,,
0551,1,Sone 1,#1D4ED8,,
0552,1,Sone 1,#1D4ED8,,
0553,1,Sone 1,#1D4ED8,,
0554,1,Sone 1,#1D4ED8,,
0555,1,Sone 1,#1D4ED8,,
0556,1,Sone 1,#1D4ED8,,
0557,1,Sone 1,#1D4ED8,,
0558,1,Sone 1,#1D4ED8,,
0559,1,Sone 1,#1D4ED8,,
0560,1,Sone 1,#1D4ED8,,
0561,1,Sone 1,#1D4ED8,,
0562,1,Sone 1,#1D4ED8,,
0563,1,Sone 1,#1D4ED8,,
0564,1,Sone 1,#1D4ED8,,
0565,1,Sone 1,#1D4ED8,,
0566,1,Sone 1,#1D4ED8,,
0567,1,Sone 1,#1D4ED8,,
0568,1,Sone 1,#1D4ED8,,
0569,1,Sone 1,#1D4ED8,,
0570,1,Sone 1,#1D4ED8,,
0571,1,Sone 1,#1D4ED8,,
0572,1,Sone 1,#1D4ED8,,
0573,1,Sone 1,#1D4ED8,,
0574,1,Sone 1,#1D4ED8,,
0575,1,Sone 1,#1D4ED8,,
0576,1,Sone 1,#1D4ED8,,
0577,1,Sone 1,#1D4ED8,,
0578,1,Sone 1,#1D4ED8,,
0579,1,Sone 1,#1D4ED8,,
0580,10,Sone 10,#F59E0B,,
0581,10,Sone 10,#F59E0B,,
0582,10,Sone 10,#F59E0B,,
0583,10,Sone 10,#F59E0B,,
0584,10,Sone 10,#F59E0B,,
0585,1,Sone 1,#1D4ED8,,
0586,10,Sone 10,#F59E0B,,
0587,1,Sone 1,#1D4ED8,,
0588,1,Sone 1,#1D4ED8,,
0589,10,Sone 10,#F59E0B,,
0590,10,Sone 10,#F59E0B,,
0591,10,Sone 10,#F59E0B,,
0592,10,Sone 10,#F59E0B,,
0593,10,Sone 10,#F59E0B,,
0594,10,Sone 10,#F59E0B,,
0595,10,Sone 10,#F59E0B,,
0596,10,Sone 10,#F59E0B,,
0597,10,Sone 10,#F59E0B,,
0598,10,Sone 10,#F59E0B,,
0650,1,Sone 1,#1D4ED8,,
0651,1,Sone 1,#1D4ED8,,
0652,1,Sone 1,#1D4ED8,,
0653,1,Sone 1,#1D4ED8,,
0654,1,Sone 1,#1D4ED8,,
0655,1,Sone 1,#1D4ED8,,
0656,1,Sone 1,#1D4ED8,,
0657,1,Sone 1,#1D4ED8,,
0658,1,Sone 1,#1D4ED8,,
0659,1,Sone 1,#1D4ED8,,
0660,1,Sone 1,#1D4ED8,,
0661,1,Sone 1,#1D4ED8,,
0662,1,Sone 1,#1D4ED8,,
0663,1,Sone 1,#1D4ED8,,
0664,10,Sone 10,#F59E0B,,
0665,10,Sone 10,#F59E0B,,
0666,10,Sone 10,#F59E0B,,
0667,10,Sone 10,#F59E0B,,
0668,10,Sone 10,#F59E0B,,
0669,10,Sone 10,#F59E0B,,
0670,10,Sone 10,#F59E0B,,
0671,7,Sone 7,#22C55E,,
0672,10,Sone 10,#F59E0B,,
0673,10,Sone 10,#F59E0B,,
0674,10,Sone 10,#F59E0B,,
0675,10,Sone 10,#F59E0B,,
0676,10,Sone 10,#F59E0B,,
0677,7,Sone 7,#22C55E,,
0678,7,Sone 7,#22C55E,,
0679,7,Sone 7,#22C55E,,
0680,7,Sone 7,#22C55E,,
0681,7,Sone 7,#22C55E,,
0682,7,Sone 7,#22C55E,,
0683,7,Sone 7,#22C55E,,
0684,7,Sone 7,#22C55E,,
0685,7,Sone 7,#22C55E,,
0686,7,Sone 7,#22C55E,,
0687,7,Sone 7,#22C55E,,
0688,7,Sone 7,#22C55E,,
0689,7,Sone 7,#22C55E,,
0690,7,Sone 7,#22C55E,,
0691,7,Sone 7,#22C55E,,
0692,7,Sone 7,#22C55E,,
0693,7,Sone 7,#22C55E,,
0694,7,Sone 7,#22C55E,,
0750,1,Sone 1,#1D4ED8,,
0751,1,Sone 1,#1D4ED8,,
0752,1,Sone 1,#1D4ED8,,
0753,1,Sone 1,#1D4ED8,,
0754,1,Sone 1,#1D4ED8,,
0755,1,Sone 1,#1D4ED8,,
0756,1,Sone 1,#1D4ED8,,
0757,1,Sone 1,#1D4ED8,,
0758,1,Sone 1,#1D4ED8,,
0760,1,Sone 1,#1D4ED8,,
0763,1,Sone 1,#1D4ED8,,
0764,1,Sone 1,#1D4ED8,,
0765,1,Sone 1,#1D4ED8,,
0766,1,Sone 1,#1D4ED8,,
0767,1,Sone 1,#1D4ED8,,
0768,1,Sone 1,#1D4ED8,,
0770,1,Sone 1,#1D4ED8,,
0771,1,Sone 1,#1D4ED8,,
0772,1,Sone 1,#1D4ED8,,
0773,1,Sone 1,#1D4ED8,,
0774,1,Sone 1,#1D4ED8,,
0775,1,Sone 1,#1D4ED8,,
0776,1,Sone 1,#1D4ED8,,
0777,1,Sone 1,#1D4ED8,,
0778,1,Sone 1,#1D4ED8,,
0779,1,Sone 1,#1D4ED8,,
0781,1,Sone 1,#1D4ED8,,
0782,1,Sone 1,#1D4ED8,,
0783,1,Sone 1,#1D4ED8,,
0784,1,Sone 1,#1D4ED8,,
0785,1,Sone 1,#1D4ED8,,
0786,1,Sone 1,#1D4ED8,,
0787,1,Sone 1,#1D4ED8,,
0788,1,Sone 1,#1D4ED8,,
0789,1,Sone 1,#1D4ED8,,
0790,1,Sone 1,#1D4ED8,,
0791,1,Sone 1,#1D4ED8,,
0850,1,Sone 1,#1D4ED8,,
0851,1,Sone 1,#1D4ED8,,
0852,1,Sone 1,#1D4ED8,,
0853,1,Sone 1,#1D4ED8,,
0854,1,Sone 1,#1D4ED8,,
0855,1,Sone 1,#1D4ED8,,
0856,1,Sone 1,#1D4ED8,,
0857,1,Sone 1,#1D4ED8,,
0858,1,Sone 1,#1D4ED8,,
0860,1,Sone 1,#1D4ED8,,
0861,1,Sone 1,#1D4ED8,,
0862,1,Sone 1,#1D4ED8,,
0863,1,Sone 1,#1D4ED8,,
0864,1,Sone 1,#1D4ED8,,
0870,1,Sone 1,#1D4ED8,,
0871,1,Sone 1,#1D4ED8,,
0872,1,Sone 1,#1D4ED8,,
0873,1,Sone 1,#1D4ED8,,
0874,1,Sone 1,#1D4ED8,,
0875,1,Sone 1,#1D4ED8,,
0876,1,Sone 1,#1D4ED8,,
0877,1,Sone 1,#1D4ED8,,
0880,1,Sone 1,#1D4ED8,,
0881,1,Sone 1,#1D4ED8,,
0882,1,Sone 1,#1D4ED8,,
0883,1,Sone 1,#1D4ED8,,
0884,1,Sone 1,#1D4ED8,,
0890,1,Sone 1,#1D4ED8,,
0891,1,Sone 1,#1D4ED8,,
0950,10,Sone 10,#F59E0B,,
0951,10,Sone 10,#F59E0B,,
0952,10,Sone 10,#F59E0B,,
0953,10,Sone 10,#F59E0B,,
0954,10,Sone 10,#F59E0B,,
0955,10,Sone 10,#F59E0B,,
0956,10,Sone 10,#F59E0B,,
0957,10,Sone 10,#F59E0B,,
0958,10,Sone 10,#F59E0B,,
0959,10,Sone 10,#F59E0B,,
0960,10,Sone 10,#F59E0B,,
0962,10,Sone 10,#F59E0B,,
0963,10,Sone 10,#F59E0B,,
0964,10,Sone 10,#F59E0B,,
0968,10,Sone 10,#F59E0B,,
0969,10,Sone 10,#F59E0B,,
0970,10,Sone 10,#F59E0B,,
0971,10,Sone 10,#F59E0B,,
0972,10,Sone 10,#F59E0B,,
0973,10,Sone 10,#F59E0B,,
0975,10,Sone 10,#F59E0B,,
0976,10,Sone 10,#F59E0B,,
0977,10,Sone 10,#F59E0B,,
0978,10,Sone 10,#F59E0B,,
0979,10,Sone 10,#F59E0B,,
0980,10,Sone 10,#F59E0B,,
0981,10,Sone 10,#F59E0B,,
0982,10,Sone 10,#F59E0B,,
0983,10,Sone 10,#F59E0B,,
0984,10,Sone 10,#F59E0B,,
0985,10,Sone 10,#F59E0B,,
0986,10,Sone 10,#F59E0B,,
0987,10,Sone 10,#F59E0B,,
0988,10,Sone 10,#F59E0B,,
1051,1,Sone 1,#1D4ED8,,
1052,1,Sone 1,#1D4ED8,,
1053,1,Sone 1,#1D4ED8,,
1054,1,Sone 1,#1D4ED8,,
1055,1,Sone 1,#1D4ED8,,
1056,1,Sone 1,#1D4ED8,,
1061,1,Sone 1,#1D4ED8,,
1062,1,Sone 1,#1D4ED8,,
1063,1,Sone 1,#1D4ED8,,
1064,1,Sone 1,#1D4ED8,,
1065,1,Sone 1,#1D4ED8,,
1067,1,Sone 1,#1D4ED8,,
1068,1,Sone 1,#1D4ED8,,
1069,1,Sone 1,#1D4ED8,,
1071,1,Sone 1,#1D4ED8,,
1081,1,Sone 1,#1D4ED8,,
1083,1,Sone 1,#1D4ED8,,
1084,1,Sone 1,#1D4ED8,,
1086,1,Sone 1,#1D4ED8,,
1087,1,Sone 1,#1D4ED8,,
1088,1,Sone 1,#1D4ED8,,
1089,1,Sone 1,#1D4ED8,,
1150,7,Sone 7,#22C55E,,
1151,7,Sone 7,#22C55E,,
1152,7,Sone 7,#22C55E,,
1153,7,Sone 7,#22C55E,,
1154,7,Sone 7,#22C55E,,
1155,7,Sone 7,#22C55E,,
1156,7,Sone 7,#22C55E,,
1157,7,Sone 7,#22C55E,,
1158,7,Sone 7,#22C55E,,
1160,7,Sone 7,#22C55E,,
1161,7,Sone 7,#22C55E,,
1162,7,Sone 7,#22C55E,,
1163,7,Sone 7,#22C55E,,
1164,7,Sone 7,#22C55E,,
1165,7,Sone 7,#22C55E,,
1166,7,Sone 7,#22C55E,,
1167,7,Sone 7,#22C55E,,
1168,7,Sone 7,#22C55E,,
1169,7,Sone 7,#22C55E,,
1170,7,Sone 7,#22C55E,,
1172,7,Sone 7,#22C55E,,
1176,7,Sone 7,#22C55E,,
1177,7,Sone 7,#22C55E,,
1178,7,Sone 7,#22C55E,,
1179,7,Sone 7,#22C55E,,
1181,7,Sone 7,#22C55E,,
1182,7,Sone 7,#22C55E,,
1184,7,Sone 7,#22C55E,,
1185,7,Sone 7,#22C55E,,
1187,7,Sone 7,#22C55E,,
1188,7,Sone 7,#22C55E,,
1189,7,Sone 7,#22C55E,,
1250,7,Sone 7,#22C55E,,
1251,7,Sone 7,#22C55E,,
1252,7,Sone 7,#22C55E,,
1253,7,Sone 7,#22C55E,,
1254,7,Sone 7,#22C55E,,
1255,7,Sone 7,#22C55E,,
1256,7,Sone 7,#22C55E,,
1257,7,Sone 7,#22C55E,,
1258,7,Sone 7,#22C55E,,
1259,7,Sone 7,#22C55E,,
1262,7,Sone 7,#22C55E,,
1263,7,Sone 7,#22C55E,,
1266,7,Sone 7,#22C55E,,
1270,7,Sone 7,#22C55E,,
1271,7,Sone 7,#22C55E,,
1272,7,Sone 7,#22C55E,,
1273,7,Sone 7,#22C55E,,
1274,7,Sone 7,#22C55E,,
1275,7,Sone 7,#22C55E,,
1278,7,Sone 7,#22C55E,,
1279,7,Sone 7,#22C55E,,
1281,7,Sone 7,#22C55E,,
1283,7,Sone 7,#22C55E,,
1284,7,Sone 7,#22C55E,,
1285,7,Sone 7,#22C55E,,
1286,7,Sone 7,#22C55E,,
1290,7,Sone 7,#22C55E,,
1291,7,Sone 7,#22C55E,,
1294,7,Sone 7,#22C55E,,
1295,7,Sone 7,#22C55E,,
1311,2,Sone 2,#2563EB,,
1336,2,Sone 2,#2563EB,,
1337,2,Sone 2,#2563EB,,
1338,2,Sone 2,#2563EB,,
1339,2,Sone 2,#2563EB,,
1340,2,Sone 2,#2563EB,,
1341,2,Sone 2,#2563EB,,
1344,2,Sone 2,#2563EB,,
1346,2,Sone 2,#2563EB,,
1348,2,Sone 2,#2563EB,,
1349,2,Sone 2,#2563EB,,
1350,2,Sone 2,#2563EB,,
1351,2,Sone 2,#2563EB,,
1352,2,Sone 2,#2563EB,,
1353,2,Sone 2,#2563EB,,
1354,2,Sone 2,#2563EB,,
1356,2,Sone 2,#2563EB,,
1357,2,Sone 2,#2563EB,,
1358,2,Sone 2,#2563EB,,
1359,2,Sone 2,#2563EB,,
1360,2,Sone 2,#2563EB,,
1361,2,Sone 2,#2563EB,,
1362,2,Sone 2,#2563EB,,
1363,2,Sone 2,#2563EB,,
1364,2,Sone 2,#2563EB,,
1365,2,Sone 2,#2563EB,,
1366,2,Sone 2,#2563EB,,
1367,2,Sone 2,#2563EB,,
1368,2,Sone 2,#2563EB,,
1369,2,Sone 2,#2563EB,,
1383,3,Sone 3,#0EA5E9,,
1384,3,Sone 3,#0EA5E9,,
1385,3,Sone 3,#0EA5E9,,
1386,3,Sone 3,#0EA5E9,,
1387,3,Sone 3,#0EA5E9,,
1388,3,Sone 3,#0EA5E9,,
1389,3,Sone 3,#0EA5E9,,
1390,3,Sone 3,#0EA5E9,,
1391,3,Sone 3,#0EA5E9,,
1392,3,Sone 3,#0EA5E9,,
1393,3,Sone 3,#0EA5E9,,
1394,3,Sone 3,#0EA5E9,,
1395,3,Sone 3,#0EA5E9,,
1396,3,Sone 3,#0EA5E9,,
1397,3,Sone 3,#0EA5E9,,
1400,8,Sone 8,#84CC16,,
1404,8,Sone 8,#84CC16,,
1405,8,Sone 8,#84CC16,,
1406,8,Sone 8,#84CC16,,
1407,8,Sone 8,#84CC16,,
1408,8,Sone 8,#84CC16,,
1409,8,Sone 8,#84CC16,,
1410,8,Sone 8,#84CC16,,
1412,8,Sone 8,#84CC16,,
1413,8,Sone 8,#84CC16,,
1414,8,Sone 8,#84CC16,,
1415,8,Sone 8,#84CC16,,
1420,8,Sone 8,#84CC16,,
1423,8,Sone 8,#84CC16,,
1424,8,Sone 8,#84CC16,,
1425,8,Sone 8,#84CC16,,
1430,8,Sone 8,#84CC16,,
1433,8,Sone 8,#84CC16,,
1434,8,Sone 8,#84CC16,,
1435,8,Sone 8,#84CC16,,
1440,25,E6-nord / Mosseaksen,#9A3412,,
1443,25,E6-nord / Mosseaksen,#9A3412,,
1444,25,E6-nord / Mosseaksen,#9A3412,,
1445,25,E6-nord / Mosseaksen,#9A3412,,
1446,25,E6-nord / Mosseaksen,#9A3412,,
1447,25,E6-nord / Mosseaksen,#9A3412,,
1448,25,E6-nord / Mosseaksen,#9A3412,,
1449,25,E6-nord / Mosseaksen,#9A3412,,
1452,23,Nesoddtangen,#F47FB7,,
1453,23,Nesoddtangen,#F47FB7,,
1454,23,Nesoddtangen,#F47FB7,,
1455,25,E6-nord / Mosseaksen,#9A3412,,
1458,23,Nesoddtangen,#F47FB7,,
1459,23,Nesoddtangen,#F47FB7,,
1461,1,Sone 1,#1D4ED8,,
1462,1,Sone 1,#1D4ED8,,
1463,1,Sone 1,#1D4ED8,,
1464,1,Sone 1,#1D4ED8,,
1465,11,Sone 11,#F97316,,
1466,11,Sone 11,#F97316,,
1467,11,Sone 11,#F97316,,
1470,1,Sone 1,#1D4ED8,,
1472,1,Sone 1,#1D4ED8,,
1473,1,Sone 1,#1D4ED8,,
1474,1,Sone 1,#1D4ED8,,
1475,1,Sone 1,#1D4ED8,,
1476,1,Sone 1,#1D4ED8,,
1479,1,Sone 1,#1D4ED8,,
1480,14,Sone 14,#D946EF,,
1481,14,Sone 14,#D946EF,,
1482,14,Sone 14,#D946EF,,
1484,14,Sone 14,#D946EF,,
1487,14,Sone 14,#D946EF,,
1488,14,Sone 14,#D946EF,,
1511,25,E6-nord / Mosseaksen,#9A3412,,
1512,25,E6-nord / Mosseaksen,#9A3412,,
1513,25,E6-nord / Mosseaksen,#9A3412,,
1514,25,E6-nord / Mosseaksen,#9A3412,,
1515,25,E6-nord / Mosseaksen,#9A3412,,
1516,25,E6-nord / Mosseaksen,#9A3412,,
1517,25,E6-nord / Mosseaksen,#9A3412,,
1518,25,E6-nord / Mosseaksen,#9A3412,,
1519,25,E6-nord / Mosseaksen,#9A3412,,
1520,25,E6-nord / Mosseaksen,#9A3412,,
1521,25,E6-nord / Mosseaksen,#9A3412,,
1522,25,E6-nord / Mosseaksen,#9A3412,,
1523,25,E6-nord / Mosseaksen,#9A3412,,
1524,25,E6-nord / Mosseaksen,#9A3412,,
1525,25,E6-nord / Mosseaksen,#9A3412,,
1526,25,E6-nord / Mosseaksen,#9A3412,,
1527,25,E6-nord / Mosseaksen,#9A3412,,
1528,25,E6-nord / Mosseaksen,#9A3412,,
1529,25,E6-nord / Mosseaksen,#9A3412,,
1530,25,E6-nord / Mosseaksen,#9A3412,,
1531,25,E6-nord / Mosseaksen,#9A3412,,
1532,25,E6-nord / Mosseaksen,#9A3412,,
1533,25,E6-nord / Mosseaksen,#9A3412,,
1534,25,E6-nord / Mosseaksen,#9A3412,,
1535,25,E6-nord / Mosseaksen,#9A3412,,
1536,25,E6-nord / Mosseaksen,#9A3412,,
1537,25,E6-nord / Mosseaksen,#9A3412,,
1538,25,E6-nord / Mosseaksen,#9A3412,,
1539,25,E6-nord / Mosseaksen,#9A3412,,
1540,25,E6-nord / Mosseaksen,#9A3412,,
1542,25,E6-nord / Mosseaksen,#9A3412,,
1543,25,E6-nord / Mosseaksen,#9A3412,,
1544,25,E6-nord / Mosseaksen,#9A3412,,
1545,25,E6-nord / Mosseaksen,#9A3412,,
1550,25,E6-nord / Mosseaksen,#9A3412,,
1553,25,E6-nord / Mosseaksen,#9A3412,,
1554,25,E6-nord / Mosseaksen,#9A3412,,
1555,25,E6-nord / Mosseaksen,#9A3412,,
1560,25,E6-nord / Mosseaksen,#9A3412,,
1570,25,E6-nord / Mosseaksen,#9A3412,,
1580,25,E6-nord / Mosseaksen,#9A3412,,
1591,25,E6-nord / Mosseaksen,#9A3412,,
1592,25,E6-nord / Mosseaksen,#9A3412,,
1593,25,E6-nord / Mosseaksen,#9A3412,,
1596,25,E6-nord / Mosseaksen,#9A3412,,
1597,25,E6-nord / Mosseaksen,#9A3412,,
1598,25,E6-nord / Mosseaksen,#9A3412,,
1599,25,E6-nord / Mosseaksen,#9A3412,,
1604,9,Nedre Glomma (Fredrikstad/Sarpsborg),#EAB308,,
1605,9,Nedre Glomma (Fredrikstad/Sarpsborg),#EAB308,,
1606,9,Nedre Glomma (Fredrikstad/Sarpsborg),#EAB308,,
1607,9,Nedre Glomma (Fredrikstad/Sarpsborg),#EAB308,,
1608,9,Nedre Glomma (Fredrikstad/Sarpsborg),#EAB308,,
1610,9,Nedre Glomma (Fredrikstad/Sarpsborg),#EAB308,,
1613,9,Nedre Glomma (Fredrikstad/Sarpsborg),#EAB308,,
1614,9,Nedre Glomma (Fredrikstad/Sarpsborg),#EAB308,,
1615,9,Nedre Glomma (Fredrikstad/Sarpsborg),#EAB308,,
1617,9,Nedre Glomma (Fredrikstad/Sarpsborg),#EAB308,,
1618,9,Nedre Glomma (Fredrikstad/Sarpsborg),#EAB308,,
1619,9,Nedre Glomma (Fredrikstad/Sarpsborg),#EAB308,,
1621,9,Nedre Glomma (Fredrikstad/Sarpsborg),#EAB308,,
1622,9,Nedre Glomma (Fredrikstad/Sarpsborg),#EAB308,,
1623,9,Nedre Glomma (Fredrikstad/Sarpsborg),#EAB308,,
1624,9,Nedre Glomma (Fredrikstad/Sarpsborg),#EAB308,,
1626,9,Nedre Glomma (Fredrikstad/Sarpsborg),#EAB308,,
1628,9,Nedre Glomma (Fredrikstad/Sarpsborg),#EAB308,,
1630,9,Nedre Glomma (Fredrikstad/Sarpsborg),#EAB308,,
1632,9,Nedre Glomma (Fredrikstad/Sarpsborg),#EAB308,,
1633,9,Nedre Glomma (Fredrikstad/Sarpsborg),#EAB308,,
1634,9,Nedre Glomma (Fredrikstad/Sarpsborg),#EAB308,,
1636,9,Nedre Glomma (Fredrikstad/Sarpsborg),#EAB308,,
1637,9,Nedre Glomma (Fredrikstad/Sarpsborg),#EAB308,,
1639,9,Nedre Glomma (Fredrikstad/Sarpsborg),#EAB308,,
1640,25,E6-nord / Mosseaksen,#9A3412,,
1642,25,E6-nord / Mosseaksen,#9A3412,,
1643,25,E6-nord / Mosseaksen,#9A3412,,
1651,9,Nedre Glomma (Fredrikstad/Sarpsborg),#EAB308,,
1653,9,Nedre Glomma (Fredrikstad/Sarpsborg),#EAB308,,
1654,9,Nedre Glomma (Fredrikstad/Sarpsborg),#EAB308,,
1655,9,Nedre Glomma (Fredrikstad/Sarpsborg),#EAB308,,
1657,9,Nedre Glomma (Fredrikstad/Sarpsborg),#EAB308,,
1658,9,Nedre Glomma (Fredrikstad/Sarpsborg),#EAB308,,
1659,9,Nedre Glomma (Fredrikstad/Sarpsborg),#EAB308,,
1661,9,Nedre Glomma (Fredrikstad/Sarpsborg),#EAB308,,
1663,9,Nedre Glomma (Fredrikstad/Sarpsborg),#EAB308,,
1664,9,Nedre Glomma (Fredrikstad/Sarpsborg),#EAB308,,
1665,9,Nedre Glomma (Fredrikstad/Sarpsborg),#EAB308,,
1666,9,Nedre Glomma (Fredrikstad/Sarpsborg),#EAB308,,
1667,9,Nedre Glomma (Fredrikstad/Sarpsborg),#EAB308,,
1671,9,Nedre Glomma (Fredrikstad/Sarpsborg),#EAB308,,
1672,9,Nedre Glomma (Fredrikstad/Sarpsborg),#EAB308,,
1673,9,Nedre Glomma (Fredrikstad/Sarpsborg),#EAB308,,
1675,9,Nedre Glomma (Fredrikstad/Sarpsborg),#EAB308,,
1676,9,Nedre Glomma (Fredrikstad/Sarpsborg),#EAB308,,
1678,9,Nedre Glomma (Fredrikstad/Sarpsborg),#EAB308,,
1679,9,Nedre Glomma (Fredrikstad/Sarpsborg),#EAB308,,
1706,9,Nedre Glomma (Fredrikstad/Sarpsborg),#EAB308,,
1707,9,Nedre Glomma (Fredrikstad/Sarpsborg),#EAB308,,
1708,9,Nedre Glomma (Fredrikstad/Sarpsborg),#EAB308,,
1709,9,Nedre Glomma (Fredrikstad/Sarpsborg),#EAB308,,
1710,9,Nedre Glomma (Fredrikstad/Sarpsborg),#EAB308,,
1711,9,Nedre Glomma (Fredrikstad/Sarpsborg),#EAB308,,
1712,9,Nedre Glomma (Fredrikstad/Sarpsborg),#EAB308,,
1714,9,Nedre Glomma (Fredrikstad/Sarpsborg),#EAB308,,
1715,9,Nedre Glomma (Fredrikstad/Sarpsborg),#EAB308,,
1718,9,Nedre Glomma (Fredrikstad/Sarpsborg),#EAB308,,
1719,9,Nedre Glomma (Fredrikstad/Sarpsborg),#EAB308,,
1721,9,Nedre Glomma (Fredrikstad/Sarpsborg),#EAB308,,
1722,9,Nedre Glomma (Fredrikstad/Sarpsborg),#EAB308,,
1723,9,Nedre Glomma (Fredrikstad/Sarpsborg),#EAB308,,
1724,9,Nedre Glomma (Fredrikstad/Sarpsborg),#EAB308,,
1725,9,Nedre Glomma (Fredrikstad/Sarpsborg),#EAB308,,
1726,9,Nedre Glomma (Fredrikstad/Sarpsborg),#EAB308,,
1727,9,Nedre Glomma (Fredrikstad/Sarpsborg),#EAB308,,
1730,9,Nedre Glomma (Fredrikstad/Sarpsborg),#EAB308,,
1734,9,Nedre Glomma (Fredrikstad/Sarpsborg),#EAB308,,
1735,9,Nedre Glomma (Fredrikstad/Sarpsborg),#EAB308,,
1738,9,Nedre Glomma (Fredrikstad/Sarpsborg),#EAB308,,
1739,9,Nedre Glomma (Fredrikstad/Sarpsborg),#EAB308,,
1743,9,Nedre Glomma (Fredrikstad/Sarpsborg),#EAB308,,
1746,9,Nedre Glomma (Fredrikstad/Sarpsborg),#EAB308,,
1747,9,Nedre Glomma (Fredrikstad/Sarpsborg),#EAB308,,
1763,27,Halden,#7F1D1D,,
1764,27,Halden,#7F1D1D,,
1767,27,Halden,#7F1D1D,,
1768,27,Halden,#7F1D1D,,
1769,27,Halden,#7F1D1D,,
1771,27,Halden,#7F1D1D,,
1772,27,Halden,#7F1D1D,,
1776,27,Halden,#7F1D1D,,
1777,27,Halden,#7F1D1D,,
1778,27,Halden,#7F1D1D,,
1779,27,Halden,#7F1D1D,,
1781,27,Halden,#7F1D1D,,
1782,27,Halden,#7F1D1D,,
1783,27,Halden,#7F1D1D,,
1784,27,Halden,#7F1D1D,,
1785,27,Halden,#7F1D1D,,
1786,27,Halden,#7F1D1D,,
1788,27,Halden,#7F1D1D,,
1789,27,Halden,#7F1D1D,,
1791,27,Halden,#7F1D1D,,
1792,27,Halden,#7F1D1D,,
1793,27,Halden,#7F1D1D,,
1794,27,Halden,#7F1D1D,,
1798,26,Indre Østfold,#065F46,,
1807,26,Indre Østfold,#065F46,,
1808,26,Indre Østfold,#065F46,,
1809,26,Indre Østfold,#065F46,,
1811,26,Indre Østfold,#065F46,,
1812,26,Indre Østfold,#065F46,,
1813,26,Indre Østfold,#065F46,,
1814,26,Indre Østfold,#065F46,,
1815,26,Indre Østfold,#065F46,,
1816,26,Indre Østfold,#065F46,,
1820,26,Indre Østfold,#065F46,,
1821,26,Indre Østfold,#065F46,,
1823,26,Indre Østfold,#065F46,,
1825,26,Indre Østfold,#065F46,,
1827,26,Indre Østfold,#065F46,,
1830,26,Indre Østfold,#065F46,,
1831,26,Indre Østfold,#065F46,,
1832,26,Indre Østfold,#065F46,,
1850,26,Indre Østfold,#065F46,,
1852,26,Indre Østfold,#065F46,,
1859,26,Indre Østfold,#065F46,,
1860,26,Indre Østfold,#065F46,,
1866,26,Indre Østfold,#065F46,,
1870,26,Indre Østfold,#065F46,,
1875,26,Indre Østfold,#065F46,,
1878,26,Indre Østfold,#065F46,,
1880,26,Indre Østfold,#065F46,,
1890,26,Indre Østfold,#065F46,,
1892,26,Indre Østfold,#065F46,,
1894,26,Indre Østfold,#065F46,,
1900,11,Sone 11,#F97316,,
1903,11,Sone 11,#F97316,,
1910,11,Sone 11,#F97316,,
1911,17,Sone 17,#6366F1,,
1912,17,Sone 17,#6366F1,,
1914,17,Sone 17,#6366F1,,
1920,11,Sone 11,#F97316,,
1923,11,Sone 11,#F97316,,
1925,11,Sone 11,#F97316,,
1927,15,Sone 15,#A855F7,,
1929,15,Sone 15,#A855F7,,
1930,16,Sone 16,#8B5CF6,,
1940,16,Sone 16,#8B5CF6,,
1950,16,Sone 16,#8B5CF6,,
1954,16,Sone 16,#8B5CF6,,
1960,16,Sone 16,#8B5CF6,,
1963,16,Sone 16,#8B5CF6,,
1970,16,Sone 16,#8B5CF6,,
2000,11,Sone 11,#F97316,,
2003,11,Sone 11,#F97316,,
2004,11,Sone 11,#F97316,,
2005,12,Sone 12,#EF4444,,
2006,12,Sone 12,#EF4444,,
2007,11,Sone 11,#F97316,,
2008,12,Sone 12,#EF4444,,
2009,12,Sone 12,#EF4444,,
2010,11,Sone 11,#F97316,,
2013,11,Sone 11,#F97316,,
2014,12,Sone 12,#EF4444,,
2015,11,Sone 11,#F97316,,
2016,11,Sone 11,#F97316,,
2019,11,Sone 11,#F97316,,
2020,11,Sone 11,#F97316,,
2022,13,Sone 13,#EC4899,,
2030,13,Sone 13,#EC4899,,
2032,13,Sone 13,#EC4899,,
2033,13,Sone 13,#EC4899,,
2034,13,Sone 13,#EC4899,,
2040,11,Sone 11,#F97316,,
2050,11,Sone 11,#F97316,,
2052,11,Sone 11,#F97316,,
2053,11,Sone 11,#F97316,,
2054,11,Sone 11,#F97316,,
2055,11,Sone 11,#F97316,,
2056,11,Sone 11,#F97316,,
2058,11,Sone 11,#F97316,,
2060,11,Sone 11,#F97316,,
2063,11,Sone 11,#F97316,,
2066,11,Sone 11,#F97316,,
2067,11,Sone 11,#F97316,,
2068,11,Sone 11,#F97316,,
2069,11,Sone 11,#F97316,,
2070,18,Sone 18,#64748B,,
2072,18,Sone 18,#64748B,,
2073,18,Sone 18,#64748B,,
2074,18,Sone 18,#64748B,,
2080,18,Sone 18,#64748B,,
2092,18,Sone 18,#64748B,,
2093,18,Sone 18,#64748B,,
2150,15,Sone 15,#A855F7,,
2160,15,Sone 15,#A855F7,,
2162,15,Sone 15,#A855F7,,
2164,15,Sone 15,#A855F7,,
2165,15,Sone 15,#A855F7,,
2166,15,Sone 15,#A855F7,,
2170,15,Sone 15,#A855F7,,
2312,19,Sone 19,#334155,,
2315,19,Sone 19,#334155,,
2316,19,Sone 19,#334155,,
2317,19,Sone 19,#334155,,
2318,19,Sone 19,#334155,,
2319,19,Sone 19,#334155,,
2320,19,Sone 19,#334155,,
2321,19,Sone 19,#334155,,
2322,19,Sone 19,#334155,,
2323,19,Sone 19,#334155,,
2330,19,Sone 19,#334155,,
2332,19,Sone 19,#334155,,
2334,19,Sone 19,#334155,,
2335,19,Sone 19,#334155,,
2337,19,Sone 19,#334155,,
2338,19,Sone 19,#334155,,
2344,19,Sone 19,#334155,,
2355,19,Sone 19,#334155,,
2360,19,Sone 19,#334155,,
2380,19,Sone 19,#334155,,
2382,19,Sone 19,#334155,,
2383,19,Sone 19,#334155,,
2384,19,Sone 19,#334155,,
2385,19,Sone 19,#334155,,
2386,19,Sone 19,#334155,,
2387,19,Sone 19,#334155,,
2388,19,Sone 19,#334155,,
2390,19,Sone 19,#334155,,
2720,19,Sone 19,#334155,,
2730,19,Sone 19,#334155,,
2740,19,Sone 19,#334155,,
2742,19,Sone 19,#334155,,
2743,19,Sone 19,#334155,,
2750,19,Sone 19,#334155,,
2760,19,Sone 19,#334155,,
2770,19,Sone 19,#334155,,
2815,19,Sone 19,#334155,,
2816,19,Sone 19,#334155,,
2817,19,Sone 19,#334155,,
2818,19,Sone 19,#334155,,
2819,19,Sone 19,#334155,,
2821,19,Sone 19,#334155,,
2827,19,Sone 19,#334155,,
2830,19,Sone 19,#334155,,
2833,19,Sone 19,#334155,,
2834,19,Sone 19,#334155,,
2835,19,Sone 19,#334155,,
2836,19,Sone 19,#334155,,
2840,19,Sone 19,#334155,,
2843,19,Sone 19,#334155,,
2846,19,Sone 19,#334155,,
3004,4,Sone 4,#06B6D4,,
3011,4,Sone 4,#06B6D4,,
3012,4,Sone 4,#06B6D4,,
3013,4,Sone 4,#06B6D4,,
3014,4,Sone 4,#06B6D4,,
3015,4,Sone 4,#06B6D4,,
3016,4,Sone 4,#06B6D4,,
3017,4,Sone 4,#06B6D4,,
3018,4,Sone 4,#06B6D4,,
3019,4,Sone 4,#06B6D4,,
3021,4,Sone 4,#06B6D4,,
3022,4,Sone 4,#06B6D4,,
3023,4,Sone 4,#06B6D4,,
3024,4,Sone 4,#06B6D4,,
3025,4,Sone 4,#06B6D4,,
3026,4,Sone 4,#06B6D4,,
3027,4,Sone 4,#06B6D4,,
3028,4,Sone 4,#06B6D4,,
3029,4,Sone 4,#06B6D4,,
3030,4,Sone 4,#06B6D4,,
3031,4,Sone 4,#06B6D4,,
3032,4,Sone 4,#06B6D4,,
3033,4,Sone 4,#06B6D4,,
3034,4,Sone 4,#06B6D4,,
3035,4,Sone 4,#06B6D4,,
3036,4,Sone 4,#06B6D4,,
3037,4,Sone 4,#06B6D4,,
3038,4,Sone 4,#06B6D4,,
3039,4,Sone 4,#06B6D4,,
3040,4,Sone 4,#06B6D4,,
3041,4,Sone 4,#06B6D4,,
3042,4,Sone 4,#06B6D4,,
3043,4,Sone 4,#06B6D4,,
3044,4,Sone 4,#06B6D4,,
3045,4,Sone 4,#06B6D4,,
3046,4,Sone 4,#06B6D4,,
3047,4,Sone 4,#06B6D4,,
3048,4,Sone 4,#06B6D4,,
3050,5,Sone 5,#14B8A6,,
3053,4,Sone 4,#06B6D4,,
3055,4,Sone 4,#06B6D4,,
3057,4,Sone 4,#06B6D4,,
3058,4,Sone 4,#06B6D4,,
3060,4,Sone 4,#06B6D4,,
3070,24,Vestfold Nord,#BE8A62,,
3072,24,Vestfold Nord,#BE8A62,,
3073,24,Vestfold Nord,#BE8A62,,
3074,24,Vestfold Nord,#BE8A62,,
3075,4,Sone 4,#06B6D4,,
3076,24,Vestfold Nord,#BE8A62,,
3077,24,Vestfold Nord,#BE8A62,,
3080,24,Vestfold Nord,#BE8A62,,
3083,24,Vestfold Nord,#BE8A62,,
3084,24,Vestfold Nord,#BE8A62,,
3085,24,Vestfold Nord,#BE8A62,,
3086,24,Vestfold Nord,#BE8A62,,
3089,24,Vestfold Nord,#BE8A62,,
3090,24,Vestfold Nord,#BE8A62,,
3092,24,Vestfold Nord,#BE8A62,,
3095,24,Vestfold Nord,#BE8A62,,
3110,6,Sone 6,#10B981,,
3111,6,Sone 6,#10B981,,
3112,6,Sone 6,#10B981,,
3113,6,Sone 6,#10B981,,
3114,6,Sone 6,#10B981,,
3115,6,Sone 6,#10B981,,
3116,6,Sone 6,#10B981,,
3117,6,Sone 6,#10B981,,
3118,6,Sone 6,#10B981,,
3122,6,Sone 6,#10B981,,
3123,6,Sone 6,#10B981,,
3124,6,Sone 6,#10B981,,
3125,6,Sone 6,#10B981,,
3126,6,Sone 6,#10B981,,
3127,6,Sone 6,#10B981,,
3150,6,Sone 6,#10B981,,
3151,6,Sone 6,#10B981,,
3152,6,Sone 6,#10B981,,
3153,6,Sone 6,#10B981,,
3154,6,Sone 6,#10B981,,
3157,6,Sone 6,#10B981,,
3158,6,Sone 6,#10B981,,
3159,6,Sone 6,#10B981,,
3160,6,Sone 6,#10B981,,
3170,6,Sone 6,#10B981,,
3171,6,Sone 6,#10B981,,
3172,6,Sone 6,#10B981,,
3173,6,Sone 6,#10B981,,
3174,6,Sone 6,#10B981,,
3175,6,Sone 6,#10B981,,
3176,6,Sone 6,#10B981,,
3178,6,Sone 6,#10B981,,
3179,6,Sone 6,#10B981,,
3180,6,Sone 6,#10B981,,
3181,6,Sone 6,#10B981,,
3182,6,Sone 6,#10B981,,
3183,6,Sone 6,#10B981,,
3184,6,Sone 6,#10B981,,
3185,6,Sone 6,#10B981,,
3186,6,Sone 6,#10B981,,
3187,6,Sone 6,#10B981,,
3188,6,Sone 6,#10B981,,
3189,6,Sone 6,#10B981,,
3208,6,Sone 6,#10B981,,
3209,6,Sone 6,#10B981,,
3210,6,Sone 6,#10B981,,
3211,6,Sone 6,#10B981,,
3212,6,Sone 6,#10B981,,
3213,6,Sone 6,#10B981,,
3214,6,Sone 6,#10B981,,
3215,6,Sone 6,#10B981,,
3216,6,Sone 6,#10B981,,
3217,6,Sone 6,#10B981,,
3218,6,Sone 6,#10B981,,
3219,6,Sone 6,#10B981,,
3220,6,Sone 6,#10B981,,
3221,6,Sone 6,#10B981,,
3222,6,Sone 6,#10B981,,
3223,6,Sone 6,#10B981,,
3224,6,Sone 6,#10B981,,
3225,6,Sone 6,#10B981,,
3226,6,Sone 6,#10B981,,
3227,6,Sone 6,#10B981,,
3228,6,Sone 6,#10B981,,
3229,6,Sone 6,#10B981,,
3230,6,Sone 6,#10B981,,
3231,6,Sone 6,#10B981,,
3232,6,Sone 6,#10B981,,
3233,6,Sone 6,#10B981,,
3234,6,Sone 6,#10B981,,
3235,6,Sone 6,#10B981,,
3236,6,Sone 6,#10B981,,
3237,6,Sone 6,#10B981,,
3238,6,Sone 6,#10B981,,
3239,6,Sone 6,#10B981,,
3241,6,Sone 6,#10B981,,
3242,6,Sone 6,#10B981,,
3243,6,Sone 6,#10B981,,
3244,6,Sone 6,#10B981,,
3256,28,Larvik / Stavern,#0C4A6E,,
3257,28,Larvik / Stavern,#0C4A6E,,
3258,28,Larvik / Stavern,#0C4A6E,,
3259,28,Larvik / Stavern,#0C4A6E,,
3260,28,Larvik / Stavern,#0C4A6E,,
3261,28,Larvik / Stavern,#0C4A6E,,
3262,28,Larvik / Stavern,#0C4A6E,,
3263,28,Larvik / Stavern,#0C4A6E,,
3264,28,Larvik / Stavern,#0C4A6E,,
3265,28,Larvik / Stavern,#0C4A6E,,
3267,28,Larvik / Stavern,#0C4A6E,,
3268,28,Larvik / Stavern,#0C4A6E,,
3269,28,Larvik / Stavern,#0C4A6E,,
3270,28,Larvik / Stavern,#0C4A6E,,
3271,28,Larvik / Stavern,#0C4A6E,,
3274,28,Larvik / Stavern,#0C4A6E,,
3275,28,Larvik / Stavern,#0C4A6E,,
3277,28,Larvik / Stavern,#0C4A6E,,
3280,28,Larvik / Stavern,#0C4A6E,,
3282,28,Larvik / Stavern,#0C4A6E,,
3290,28,Larvik / Stavern,#0C4A6E,,
3292,28,Larvik / Stavern,#0C4A6E,,
3294,28,Larvik / Stavern,#0C4A6E,,
3295,28,Larvik / Stavern,#0C4A6E,,
3296,28,Larvik / Stavern,#0C4A6E,,
3300,5,Sone 5,#14B8A6,,
3302,5,Sone 5,#14B8A6,,
3303,5,Sone 5,#14B8A6,,
3320,5,Sone 5,#14B8A6,,
3322,5,Sone 5,#14B8A6,,
3330,5,Sone 5,#14B8A6,,
3340,21,Drammen Nord + Åmot-Vikersund,#79A9FF,,
3360,21,Drammen Nord + Åmot-Vikersund,#79A9FF,,
3370,21,Drammen Nord + Åmot-Vikersund,#79A9FF,,
3402,4,Sone 4,#06B6D4,,
3403,4,Sone 4,#06B6D4,,
3404,4,Sone 4,#06B6D4,,
3405,4,Sone 4,#06B6D4,,
3406,4,Sone 4,#06B6D4,,
3408,4,Sone 4,#06B6D4,,
3409,4,Sone 4,#06B6D4,,
3410,4,Sone 4,#06B6D4,,
3413,4,Sone 4,#06B6D4,,
3414,4,Sone 4,#06B6D4,,
3420,4,Sone 4,#06B6D4,,
3425,4,Sone 4,#06B6D4,,
3426,4,Sone 4,#06B6D4,,
3427,4,Sone 4,#06B6D4,,
3430,4,Sone 4,#06B6D4,,
3440,4,Sone 4,#06B6D4,,
3442,3,Sone 3,#0EA5E9,,
3470,3,Sone 3,#0EA5E9,,
3472,3,Sone 3,#0EA5E9,,
3474,3,Sone 3,#0EA5E9,,
3475,3,Sone 3,#0EA5E9,,
3477,3,Sone 3,#0EA5E9,,
3478,3,Sone 3,#0EA5E9,,
3480,3,Sone 3,#0EA5E9,,
3482,3,Sone 3,#0EA5E9,,
3483,3,Sone 3,#0EA5E9,,
3484,3,Sone 3,#0EA5E9,,
3490,3,Sone 3,#0EA5E9,,
3510,22,Billingstad + Sollihøgda-Hønefoss,#A9D67D,,
3511,22,Billingstad + Sollihøgda-Hønefoss,#A9D67D,,
3512,22,Billingstad + Sollihøgda-Hønefoss,#A9D67D,,
3513,22,Billingstad + Sollihøgda-Hønefoss,#A9D67D,,
3514,22,Billingstad + Sollihøgda-Hønefoss,#A9D67D,,
3515,22,Billingstad + Sollihøgda-Hønefoss,#A9D67D,,
3518,22,Billingstad + Sollihøgda-Hønefoss,#A9D67D,,
3530,22,Billingstad + Sollihøgda-Hønefoss,#A9D67D,,
3531,22,Billingstad + Sollihøgda-Hønefoss,#A9D67D,,
3533,22,Billingstad + Sollihøgda-Hønefoss,#A9D67D,,
3538,22,Billingstad + Sollihøgda-Hønefoss,#A9D67D,,
3610,20,Drammen Vest + Kongsberg-Skollenborg,#B88AF0,,
3611,20,Drammen Vest + Kongsberg-Skollenborg,#B88AF0,,
3612,20,Drammen Vest + Kongsberg-Skollenborg,#B88AF0,,
3613,20,Drammen Vest + Kongsberg-Skollenborg,#B88AF0,,
3614,20,Drammen Vest + Kongsberg-Skollenborg,#B88AF0,,
3615,20,Drammen Vest + Kongsberg-Skollenborg,#B88AF0,,
3616,20,Drammen Vest + Kongsberg-Skollenborg,#B88AF0,,
3617,20,Drammen Vest + Kongsberg-Skollenborg,#B88AF0,,
3619,20,Drammen Vest + Kongsberg-Skollenborg,#B88AF0,,
3710,29,Skien / Siljan,#4D7C0F,,
3711,29,Skien / Siljan,#4D7C0F,,
3712,29,Skien / Siljan,#4D7C0F,,
3713,29,Skien / Siljan,#4D7C0F,,
3714,29,Skien / Siljan,#4D7C0F,,
3715,29,Skien / Siljan,#4D7C0F,,
3716,29,Skien / Siljan,#4D7C0F,,
3717,29,Skien / Siljan,#4D7C0F,,
3718,29,Skien / Siljan,#4D7C0F,,
3719,29,Skien / Siljan,#4D7C0F,,
3720,29,Skien / Siljan,#4D7C0F,,
3721,29,Skien / Siljan,#4D7C0F,,
3722,29,Skien / Siljan,#4D7C0F,,
3723,29,Skien / Siljan,#4D7C0F,,
3724,29,Skien / Siljan,#4D7C0F,,
3725,29,Skien / Siljan,#4D7C0F,,
3726,29,Skien / Siljan,#4D7C0F,,
3727,29,Skien / Siljan,#4D7C0F,,
3728,29,Skien / Siljan,#4D7C0F,,
3729,29,Skien / Siljan,#4D7C0F,,
3730,29,Skien / Siljan,#4D7C0F,,
3731,29,Skien / Siljan,#4D7C0F,,
3732,29,Skien / Siljan,#4D7C0F,,
3733,29,Skien / Siljan,#4D7C0F,,
3734,29,Skien / Siljan,#4D7C0F,,
3735,29,Skien / Siljan,#4D7C0F,,
3736,29,Skien / Siljan,#4D7C0F,,
3737,29,Skien / Siljan,#4D7C0F,,
3738,29,Skien / Siljan,#4D7C0F,,
3739,29,Skien / Siljan,#4D7C0F,,
3740,29,Skien / Siljan,#4D7C0F,,
3741,29,Skien / Siljan,#4D7C0F,,
3742,29,Skien / Siljan,#4D7C0F,,
3743,29,Skien / Siljan,#4D7C0F,,
3744,29,Skien / Siljan,#4D7C0F,,
3746,29,Skien / Siljan,#4D7C0F,,
3747,29,Skien / Siljan,#4D7C0F,,
3748,29,Skien / Siljan,#4D7C0F,,
3910,30,Porsgrunn / Bamble,#831843,,
3911,30,Porsgrunn / Bamble,#831843,,
3912,30,Porsgrunn / Bamble,#831843,,
3913,30,Porsgrunn / Bamble,#831843,,
3914,30,Porsgrunn / Bamble,#831843,,
3915,30,Porsgrunn / Bamble,#831843,,
3916,30,Porsgrunn / Bamble,#831843,,
3917,30,Porsgrunn / Bamble,#831843,,
3918,30,Porsgrunn / Bamble,#831843,,
3919,30,Porsgrunn / Bamble,#831843,,
3920,30,Porsgrunn / Bamble,#831843,,
3921,30,Porsgrunn / Bamble,#831843,,
3922,30,Porsgrunn / Bamble,#831843,,
3924,30,Porsgrunn / Bamble,#831843,,
3925,30,Porsgrunn / Bamble,#831843,,
3928,30,Porsgrunn / Bamble,#831843,,
3929,30,Porsgrunn / Bamble,#831843,,
3930,30,Porsgrunn / Bamble,#831843,,
3931,30,Porsgrunn / Bamble,#831843,,
3933,30,Porsgrunn / Bamble,#831843,,
3936,30,Porsgrunn / Bamble,#831843,,
3937,30,Porsgrunn / Bamble,#831843,,
3940,30,Porsgrunn / Bamble,#831843,,
3941,30,Porsgrunn / Bamble,#831843,,
3942,30,Porsgrunn / Bamble,#831843,,
3943,30,Porsgrunn / Bamble,#831843,,
3944,30,Porsgrunn / Bamble,#831843,,
3946,30,Porsgrunn / Bamble,#831843,,
3947,30,Porsgrunn / Bamble,#831843,,
3948,30,Porsgrunn / Bamble,#831843,,
3949,30,Porsgrunn / Bamble,#831843,,
3950,30,Porsgrunn / Bamble,#831843,,
3960,30,Porsgrunn / Bamble,#831843,,
3961,30,Porsgrunn / Bamble,#831843,,
3962,30,Porsgrunn / Bamble,#831843,,
3965,30,Porsgrunn / Bamble,#831843,,
3967,30,Porsgrunn / Bamble,#831843,,
3970,30,Porsgrunn / Bamble,#831843,,
